timeStamp,elapsed,label,responseCode,responseMessage,threadName,dataType,success,failureMessage,bytes,sentBytes,grpThreads,allThreads,URL,Latency,IdleTime,Connect
1706462228855,179,AddLocation,101,Switching Protocols,Locations 1-1,text,true,,264,121,3,3,null,0,0,39
1706462228924,244,AddLocation,101,Switching Protocols,Locations 1-2,text,true,,264,121,3,3,null,0,0,119
1706462229038,248,AddLocation,101,Switching Protocols,Locations 1-3,text,true,,264,121,3,3,null,0,0,132
1706462229134,314,AddLocation,101,Switching Protocols,Locations 1-4,text,true,,264,121,4,4,null,0,0,154
1706462229228,256,AddLocation,101,Switching Protocols,Locations 1-5,text,true,,264,121,3,3,null,0,0,123
1706462229332,261,AddLocation,101,Switching Protocols,Locations 1-6,text,true,,264,121,3,3,null,0,0,155
1706462229432,328,AddLocation,101,Switching Protocols,Locations 1-7,text,true,,264,121,4,4,null,0,0,163
1706462229525,268,AddLocation,101,Switching Protocols,Locations 1-8,text,true,,264,121,3,3,null,0,0,133
1706462229623,275,AddLocation,101,Switching Protocols,Locations 1-9,text,true,,264,121,3,3,null,0,0,172
1706462229722,296,AddLocation,101,Switching Protocols,Locations 1-10,text,true,,264,121,3,3,null,0,0,178
1706462229821,366,AddLocation,101,Switching Protocols,Locations 1-11,text,true,,264,121,4,4,null,0,0,199
1706462229921,299,AddLocation,101,Switching Protocols,Locations 1-12,text,true,,264,121,4,4,null,0,0,162
1706462230022,368,AddLocation,101,Switching Protocols,Locations 1-13,text,true,,264,121,4,4,null,0,0,201
1706462230119,307,AddLocation,101,Switching Protocols,Locations 1-14,text,true,,264,121,4,4,null,0,0,165
1706462230217,310,AddLocation,101,Switching Protocols,Locations 1-15,text,true,,264,121,4,4,null,0,0,211
1706462230319,367,AddLocation,101,Switching Protocols,Locations 1-16,text,true,,264,121,4,4,null,0,0,209
1706462230419,297,AddLocation,101,Switching Protocols,Locations 1-17,text,true,,264,121,3,3,null,0,0,168
1706462230519,368,AddLocation,101,Switching Protocols,Locations 1-18,text,true,,264,121,4,4,null,0,0,201
1706462230620,304,AddLocation,101,Switching Protocols,Locations 1-19,text,true,,264,121,4,4,null,0,0,167
1706462230718,376,AddLocation,101,Switching Protocols,Locations 1-20,text,true,,264,121,4,4,null,0,0,208
1706462230821,306,AddLocation,101,Switching Protocols,Locations 1-21,text,true,,264,121,4,4,null,0,0,171
1706462230921,308,AddLocation,101,Switching Protocols,Locations 1-22,text,true,,264,121,4,4,null,0,0,208
1706462231020,369,AddLocation,101,Switching Protocols,Locations 1-23,text,true,,264,121,4,4,null,0,0,211
1706462231119,307,AddLocation,101,Switching Protocols,Locations 1-24,text,true,,264,121,4,4,null,0,0,172
1706462231218,382,AddLocation,101,Switching Protocols,Locations 1-25,text,true,,264,121,4,4,null,0,0,211
1706462231318,316,AddLocation,101,Switching Protocols,Locations 1-26,text,true,,264,121,4,4,null,0,0,177
1706462231416,328,AddLocation,101,Switching Protocols,Locations 1-27,text,true,,264,121,4,4,null,0,0,220
1706462231516,395,AddLocation,101,Switching Protocols,Locations 1-28,text,true,,264,121,4,4,null,0,0,234
1706462231622,328,AddLocation,101,Switching Protocols,Locations 1-29,text,true,,264,121,4,4,null,0,0,185
1706462231717,395,AddLocation,101,Switching Protocols,Locations 1-30,text,true,,264,121,4,4,null,0,0,235
1706462231817,328,AddLocation,101,Switching Protocols,Locations 1-31,text,true,,264,121,4,4,null,0,0,202
1706462231918,332,AddLocation,101,Switching Protocols,Locations 1-32,text,true,,264,121,4,4,null,0,0,229
1706462232019,388,AddLocation,101,Switching Protocols,Locations 1-33,text,true,,264,121,4,4,null,0,0,233
1706462232118,326,AddLocation,101,Switching Protocols,Locations 1-34,text,true,,264,121,4,4,null,0,0,198
1706462232217,395,AddLocation,101,Switching Protocols,Locations 1-35,text,true,,264,121,4,4,null,0,0,230
1706462232323,327,AddLocation,101,Switching Protocols,Locations 1-36,text,true,,264,121,4,4,null,0,0,190
1706462232417,339,AddLocation,101,Switching Protocols,Locations 1-37,text,true,,264,121,4,4,null,0,0,234
1706462232516,408,AddLocation,101,Switching Protocols,Locations 1-38,text,true,,264,121,5,5,null,0,0,242
1706462232616,346,AddLocation,101,Switching Protocols,Locations 1-39,text,true,,264,121,4,4,null,0,0,210
1706462232719,405,AddLocation,101,Switching Protocols,Locations 1-40,text,true,,264,121,5,5,null,0,0,245
1706462232816,344,AddLocation,101,Switching Protocols,Locations 1-41,text,true,,264,121,4,4,null,0,0,214
1706462232916,409,AddLocation,101,Switching Protocols,Locations 1-42,text,true,,264,121,5,5,null,0,0,246
1706462233020,341,AddLocation,101,Switching Protocols,Locations 1-43,text,true,,264,121,4,4,null,0,0,206
1706462233117,414,AddLocation,101,Switching Protocols,Locations 1-44,text,true,,264,121,5,5,null,0,0,245
1706462233219,351,AddLocation,101,Switching Protocols,Locations 1-45,text,true,,264,121,4,4,null,0,0,209
1706462233319,409,AddLocation,101,Switching Protocols,Locations 1-46,text,true,,264,121,5,5,null,0,0,253
1706462233419,348,AddLocation,101,Switching Protocols,Locations 1-47,text,true,,264,121,4,4,null,0,0,217
1706462233516,413,AddLocation,101,Switching Protocols,Locations 1-48,text,true,,264,121,5,5,null,0,0,254
1706462233618,345,AddLocation,101,Switching Protocols,Locations 1-49,text,true,,264,121,4,4,null,0,0,214
1706462233718,421,AddLocation,101,Switching Protocols,Locations 1-50,text,true,,264,121,5,5,null,0,0,246
1706462233818,356,AddLocation,101,Switching Protocols,Locations 1-51,text,true,,264,121,4,4,null,0,0,226
1706462233917,425,AddLocation,101,Switching Protocols,Locations 1-52,text,true,,264,121,5,5,null,0,0,258
1706462234019,361,AddLocation,101,Switching Protocols,Locations 1-53,text,true,,264,121,4,4,null,0,0,218
1706462234116,445,AddLocation,101,Switching Protocols,Locations 1-54,text,true,,264,121,5,5,null,0,0,266
1706462234224,374,AddLocation,101,Switching Protocols,Locations 1-55,text,true,,264,121,4,4,null,0,0,226
1706462234322,447,AddLocation,101,Switching Protocols,Locations 1-56,text,true,,264,121,5,5,null,0,0,278
1706462234416,386,AddLocation,101,Switching Protocols,Locations 1-57,text,true,,264,121,4,4,null,0,0,245
1706462234516,453,AddLocation,101,Switching Protocols,Locations 1-58,text,true,,264,121,5,5,null,0,0,287
1706462234616,472,AddLocation,101,Switching Protocols,Locations 1-59,text,true,,264,121,5,5,null,0,0,249
1706462234715,410,AddLocation,101,Switching Protocols,Locations 1-60,text,true,,264,121,5,5,null,0,0,256
1706462234816,471,AddLocation,101,Switching Protocols,Locations 1-61,text,true,,264,121,5,5,null,0,0,311
1706462234916,476,AddLocation,101,Switching Protocols,Locations 1-62,text,true,,264,121,5,5,null,0,0,276
1706462235016,414,AddLocation,101,Switching Protocols,Locations 1-63,text,true,,264,121,5,5,null,0,0,273
1706462235117,477,AddLocation,101,Switching Protocols,Locations 1-64,text,true,,264,121,5,5,null,0,0,315
1706462235219,476,AddLocation,101,Switching Protocols,Locations 1-65,text,true,,264,121,5,5,null,0,0,274
1706462235318,410,AddLocation,101,Switching Protocols,Locations 1-66,text,true,,264,121,5,5,null,0,0,278
1706462235417,476,AddLocation,101,Switching Protocols,Locations 1-67,text,true,,264,121,5,5,null,0,0,313
1706462235515,481,AddLocation,101,Switching Protocols,Locations 1-68,text,true,,264,121,5,5,null,0,0,279
1706462235616,430,AddLocation,101,Switching Protocols,Locations 1-69,text,true,,264,121,5,5,null,0,0,279
1706462235717,496,AddLocation,101,Switching Protocols,Locations 1-70,text,true,,264,121,5,5,null,0,0,333
1706462235816,500,AddLocation,101,Switching Protocols,Locations 1-71,text,true,,264,121,5,5,null,0,0,293
1706462235917,439,AddLocation,101,Switching Protocols,Locations 1-72,text,true,,264,121,5,5,null,0,0,298
1706462236015,507,AddLocation,101,Switching Protocols,Locations 1-73,text,true,,264,121,6,6,null,0,0,344
1706462236116,507,AddLocation,101,Switching Protocols,Locations 1-74,text,true,,264,121,6,6,null,0,0,306
1706462236216,511,AddLocation,101,Switching Protocols,Locations 1-75,text,true,,264,121,6,6,null,0,0,307
1706462236317,510,AddLocation,101,Switching Protocols,Locations 1-76,text,true,,264,121,6,6,null,0,0,308
1706462236416,449,AddLocation,101,Switching Protocols,Locations 1-77,text,true,,264,121,5,5,null,0,0,312
1706462236516,534,AddLocation,101,Switching Protocols,Locations 1-78,text,true,,264,121,6,6,null,0,0,351
1706462236619,529,AddLocation,101,Switching Protocols,Locations 1-79,text,true,,264,121,6,6,null,0,0,311
1706462236719,534,AddLocation,101,Switching Protocols,Locations 1-80,text,true,,264,121,6,6,null,0,0,334
1706462236820,533,AddLocation,101,Switching Protocols,Locations 1-81,text,true,,264,121,6,6,null,0,0,330
1706462236922,466,AddLocation,101,Switching Protocols,Locations 1-82,text,true,,264,121,5,5,null,0,0,333
1706462237016,538,AddLocation,101,Switching Protocols,Locations 1-83,text,true,,264,121,6,6,null,0,0,373
1706462237116,542,AddLocation,101,Switching Protocols,Locations 1-84,text,true,,264,121,6,6,null,0,0,337
1706462237217,542,AddLocation,101,Switching Protocols,Locations 1-85,text,true,,264,121,6,6,null,0,0,339
1706462237317,543,AddLocation,101,Switching Protocols,Locations 1-86,text,true,,264,121,6,6,null,0,0,344
1706462237420,474,AddLocation,101,Switching Protocols,Locations 1-87,text,true,,264,121,5,5,null,0,0,341
1706462237517,608,AddLocation,101,Switching Protocols,Locations 1-88,text,true,,264,121,7,7,null,0,0,379
1706462237623,663,AddLocation,101,Switching Protocols,Locations 1-89,text,true,,264,121,7,7,null,0,0,338
1706462237716,610,AddLocation,101,Switching Protocols,Locations 1-90,text,true,,264,121,7,7,null,0,0,305
1706462237816,548,AddLocation,101,Switching Protocols,Locations 1-91,text,true,,264,121,6,6,null,0,0,311
1706462237915,612,AddLocation,101,Switching Protocols,Locations 1-92,text,true,,264,121,7,7,null,0,0,450
1706462238018,671,AddLocation,101,Switching Protocols,Locations 1-93,text,true,,264,121,7,7,null,0,0,411
1706462238115,675,AddLocation,101,Switching Protocols,Locations 1-94,text,true,,264,121,7,7,null,0,0,414
1706462238216,607,AddLocation,101,Switching Protocols,Locations 1-95,text,true,,264,121,6,6,null,0,0,370
1706462238318,606,AddLocation,101,Switching Protocols,Locations 1-96,text,true,,264,121,5,5,null,0,0,373
1706462238419,539,AddLocation,101,Switching Protocols,Locations 1-97,text,true,,264,121,4,4,null,0,0,406
1706462238519,677,AddLocation,101,Switching Protocols,Locations 1-98,text,true,,264,121,3,3,null,0,0,441
1706462238625,602,AddLocation,101,Switching Protocols,Locations 1-99,text,true,,264,121,2,2,null,0,0,407
1706462238718,542,AddLocation,101,Switching Protocols,Locations 1-100,text,true,,264,121,1,1,null,0,0,381
